{
  "thresholds": {
    "guardrail_critical": {
      "value": 0.3399417138454143,
      "method": "q25"
    },
    "alignment_low": {
      "value": 0.30720605009483715,
      "method": "q25"
    },
    "mp_percolation": {
      "value": 0.3715508500689534,
      "method": "q75"
    },
    "shock_high": {
      "value": 0.30357142857142855,
      "method": "q75"
    },
    "decline_high": {
      "value": 0.05001766295760756,
      "method": "q75"
    }
  },
  "notes": {
    "alignment_columns_used": [
      "vdem__v2x_libdem",
      "vdem__v2x_polyarchy",
      "vdem__v2x_civlib",
      "fh__total",
      "rsf__score",
      "wgi__va_governance_estimate_approx_2_5_to_2_5",
      "wgi__rl_governance_estimate_approx_2_5_to_2_5",
      "wgi__cc_governance_estimate_approx_2_5_to_2_5",
      "cpi__cpi_score",
      "afi__v2xca_academ"
    ],
    "guardrail_columns_used": [
      "vdem__v2x_rule",
      "vdem__v2x_accountability",
      "wgi__rl_governance_estimate_approx_2_5_to_2_5",
      "wgi__cc_governance_estimate_approx_2_5_to_2_5",
      "rsf__score"
    ],
    "stress_columns_used": [
      "vdem__e_pt_coup_attempts",
      "vdem__v2caviol_mean"
    ],
    "vparty_metrics": {
      "antiplural_col": "vparty__v2xpa_antiplural",
      "popul_col": "vparty__v2xpa_popul",
      "violence_col": "vparty__v2paviol_mean"
    },
    "orientation": "A/G are higher=better, M/P/S are higher=worse"
  },
  "quantiles": {
    "A": {
      "p25": 0.30720605009483715,
      "p50": 0.5240976685514991,
      "p75": 0.6791035592740191
    },
    "G": {
      "p25": 0.3399417138454143,
      "p50": 0.5233522708238927,
      "p75": 0.6761855474872548
    },
    "M": {
      "p25": 0.4113375862247809,
      "p50": 0.6867382397178569,
      "p75": 0.8483481147243399
    },
    "P": {
      "p25": 0.21713476438874024,
      "p50": 0.46292957974128024,
      "p75": 0.6346023956020782
    },
    "S_norm": {
      "p25": 0.11114285714285714,
      "p50": 0.19042857142857142,
      "p75": 0.30357142857142855
    },
    "MP": {
      "p25": 0.09820654441725674,
      "p50": 0.18474358029634935,
      "p75": 0.3715508500689534
    },
    "decline_norm": {
      "p25": 0.0,
      "p50": 0.0,
      "p75": 0.05001766295760756
    }
  }
}